KarolinKastner@cuvox.de,Therfaid,Karolin,Kastner,Prenzlauer Allee 35,04259,Leipzig,Aengai7oh
JorgAachen@jourrapide.com,Truin1969,Jörg,Aachen,Sonnenallee 46,86301,Friedberg,fe5AhNaing6
NadineTheiss@cuvox.de,Antor1982,Nadine,Theiss,Landhausstraße 23,16291,Schwedt,thaech6Zi9e
BrigitteHoch@gustr.com,Ancesse,Brigitte,Hoch,Lützowplatz 35,54441,Kastel-Staadt,xi0Veigh
NadinePabst@superrito.com,Damil1992,Nadine,Pabst,Esplanade 64,97855,Triefenstein,woJ2foh1exah
JanKoehler@cuvox.de,Uned1986,Jan,Koehler,Fontenay 63,96301,Kronach,Eesh3lauG7oo
UteBaumgartner@cuvox.de,Halight,Ute,Baumgartner,Gotzkowskystraße 51,57482,Wenden,Eephaij0
KarinMayer@einrot.com,Seepearrough41,Karin,Mayer,Motzstr. 65,76879,Bornheim,aiRoh1iiNo
JensBaumgaertner@gustr.com,Andessomeho,Jens,Baumgaertner,Hochstrasse 91,25864,Löwenstedt,jaeYe1chie
MarkusDietrich@jourrapide.com,Nowel1972,Markus,Dietrich,Boxhagener Str. 29,20249,Hamburg Eppendorf,cho8yahMooz
JanaVogler@cuvox.de,Randing,Jana,Vogler,Joachimstaler Str. 20,56357,Dornholzhausen,Ohfeeh9ew
JensZimmermann@einrot.com,Manger,Jens,Zimmermann,Alter Wall 92,97747,Karlstadt,ePaivaim9
LeahTraugott@teleworm.us,Placts1961,Leah,Traugott,Friedrichstrasse 44,46147,Oberhausen Holten,oe3ood7Kei3
MonikaEisenhauer@rhyta.com,Heyes1973,Monika,Eisenhauer,An der Schillingbrucke 4,89198,Westerstetten,oLu1eebae1
ThorstenHerrmann@dayrep.com,Haffee,Thorsten,Herrmann,Kastanienallee 19,24899,Wohlde,Loop8ahroof
DominikSchneider@jourrapide.com,Equitiardead,Dominik,Schneider,Kastanienallee 29,24899,Wohlde,Lei3eigh6
PeterBauer@jourrapide.com,Makicheme,Peter,Bauer,Fischerinsel 53,41747,Viersen Beberich,hengoo6I
JurgenFiedler@armyspy.com,Mottly,Jürgen,Fiedler,Hardenbergstraße 41,66919,Schauerberg,wee8ieSoh
SteffenBach@gustr.com,Bareur,Steffen,Bach,Feldstrasse 93,39439,Amesdorf,beir0Iej
RalfOsterhagen@gustr.com,Morects,Ralf,Osterhagen,Amsinckstrasse 53,01901,Bretnig-Hauswalde,yohphu7Cho
AndreasHerman@teleworm.us,Hansorneve,Andreas,Herman,Motzstr. 73,67596,Frettenheim,fe7geuKah
SophieBosch@cuvox.de,Cotioll,Sophie,Bosch,Hollander Strasse 79,65558,Lohrheim,siw3Sheij
SvenOsterhagen@superrito.com,Tardwilis,Sven,Osterhagen,Hochstrasse 11,25920,Risum-Lindholm,Aeth5ahx8po
UtaBosch@einrot.com,Priece,Uta,Bosch,Landhausstraße 59,15702,Königs Wusterhausen,aepie2Zo0
PeterGartner@jourrapide.com,Youse1949,Peter,Gärtner,Jenaer Strasse 12,45219,Essen,shieba2Ch
MarinaFurst@rhyta.com,Varty1975,Marina,Furst,Luebecker Strasse 7,97428,Haßfurt,tiesh5Ohth
StefanieVogler@superrito.com,Antra1978,Stefanie,Vogler,Alter Wall 28,97448,Arnstein,ToofieT0po
LenaBecker@teleworm.us,Cluat1962,Lena,Becker,Unter den Linden 13,19031,Schwerin,Cheib9que6lai
BerndBurger@armyspy.com,Buttenot,Bernd,Burger,Landhausstraße 16,14621,Schönwalde,eul5ahGh6ti
MarkoGerste@cuvox.de,Sathimpiou,Marko,Gerste,Mollstrasse 2,65510,Idstein,phoo8keecie7M
JanBecker@superrito.com,Wituessarks,Jan,Becker,Luckenwalder Strasse 91,31079,Eberholzen,VaeW2que1
UweGrunwald@rhyta.com,Molon1958,Uwe,Grunwald,Luebecker Strasse 79,96181,Rauhenebrach,ciej5UtieSh
PeterFisher@gustr.com,Jamed1944,Peter,Fisher,Lange Strasse 2,81805,München,oodohTee4ae
GabrieleWirtz@teleworm.us,Whary1968,Gabriele,Wirtz,Sömmeringstr. 28,75196,Remchingen,Uhausi1nae
AnjaKappel@superrito.com,Wingivese,Anja,Kappel,Mollstrasse 63,65439,Flörsheim am Main,ku8Us5cho
DanielaSeiler@fleckens.hu,Tholdrect,Daniela,Seiler,Sonnenallee 28,86031,Augsburg,ucaepha3aSh
ChristianSchmitt@jourrapide.com,Bedeencion1940,Christian,Schmitt,Ellmenreichstrasse 24,96259,Weismain,ThooChai0
RalphGottschalk@armyspy.com,Evichad,Ralph,Gottschalk,Grosse Praesidenten Str. 2,74847,Obrigheim,ohngu8WaiD
MarinaWirth@teleworm.us,Curpose,Marina,Wirth,Feldstrasse 21,06466,Gatersleben,me9keS4ai
SebastianSchuster@fleckens.hu,Loper1938,Sebastian,Schuster,Fugger Strasse 21,56073,Koblenz Moselweiß,AiChe3eich
JenniferJung@fleckens.hu,Feweake,Jennifer,Jung,Messedamm 53,06039,Halle,ei5Ahp1io
SebastianKruger@cuvox.de,Forga1993,Sebastian,Krüger,Ellmenreichstrasse 9,91358,Kunreuth,ri7Eege2phah
JulianeWerner@einrot.com,Bours1989,Juliane,Werner,Mohrenstrasse 8,88525,Dürmentingen,Chei1yie
GabrieleWannemaker@teleworm.us,Scou1988,Gabriele,Wannemaker,Kurfürstendamm 92,17477,Greifswald,iey8levoD
BenjaminHolzman@rhyta.com,Justan,Benjamin,Holzman,Chausseestr. 94,25474,Bönningstedt,XeiteeGua0p
MarkoAdler@rhyta.com,Aving1971,Marko,Adler,Hermannstrasse 36,74931,Lobbach,Keu3Ayoo1goh
StephanPabst@gustr.com,Yesper,Stephan,Pabst,Gotzkowskystraße 52,59872,Meschede,eePhai1eo
PhillippBachmeier@cuvox.de,Arighter1953,Phillipp,Bachmeier,Hochstrasse 74,25858,Högel,oothi9aiM
BirgitAckermann@dayrep.com,Shough,Birgit,Ackermann,Alsterkrugchaussee 30,86748,Marktoffingen,Iebei5kae
SandraBeich@fleckens.hu,Wayinander1961,Sandra,Beich,Marseiller Strasse 48,86744,Hainsfarth,oSo2ieth
DennisEbersbach@teleworm.us,Durnity,Dennis,Ebersbach,Guentzelstrasse 46,36399,Freiensteinau,chae4Jah
UtaSchafer@armyspy.com,Eltains1983,Uta,Schäfer,Budapester Strasse 61,27412,Breddorf,aehe7eeP1pai
UlrikeFrankfurter@einrot.com,Duess1954,Ulrike,Frankfurter,Schoenebergerstrasse 85,23931,Grevesmühlen,iem3chuBae5y
MandyHerman@armyspy.com,Tithe1975,Mandy,Herman,Amsinckstrasse 33,04924,Bad Liebenwerda,eeheeSho9Aish
RalfFleischer@teleworm.us,Hatenjus,Ralf,Fleischer,Bissingzeile 30,21755,Hechthausen,Phi9quae2
KarolinFenstermacher@fleckens.hu,Oleemanded77,Karolin,Fenstermacher,Güntzelstrasse 99,54673,Herbstmühle,Xae0wu1oi
JulianeEberhart@armyspy.com,Thoter,Juliane,Eberhart,Sonnenallee 68,79108,Freiburg Stadt,AeXeb9AiXoo
HeikeHerman@gustr.com,Toged1985,Heike,Herman,Albrechtstrasse 87,86345,Neusäß,oof7ieGoo
JuliaMoller@teleworm.us,Hapteraind,Julia,Möller,Kurfürstendamm 78,18002,Rostock,uT9chi5ee
FrankWinkel@gustr.com,Nothestal,Frank,Winkel,Konstanzer Strasse 44,63654,Büdingen,iePahs0shae
DominikEichel@teleworm.us,Woulace,Dominik,Eichel,Buelowstrasse 44,56457,Halbs,Ohr2QuuS5Ee
ManuelaMuller@cuvox.de,Turst1967,Manuela,Muller,Ellmenreichstrasse 7,91281,Kirchenthumbach,AhPheiziech4
RalfBeike@superrito.com,Dris1941,Ralf,Beike,Unter den Linden 81,19017,Schwerin,Theiha5ie
KarolinBaumgartner@superrito.com,Sile1945,Karolin,Baumgartner,Buelowstrasse 67,57642,Alpenrod,Eene4Uda
JanBeike@einrot.com,Hica1932,Jan,Beike,Brandenburgische Str. 9,72667,Schlaitdorf,ungaeM0Ih
LucasOsterhagen@einrot.com,Sciask,Lucas,Osterhagen,Brandenburgische Strasse 51,76831,Ilbesheim bei Landau in der Pfalz,mat4uiJuquie
ErikMeier@dayrep.com,Ephiculd1992,Erik,Meier,Landhausstraße 2,15502,Fürstenwalde,Vohjeech0
JanNacht@einrot.com,Othess,Jan,Nacht,Paul-Nevermann-Platz 27,97411,Schweinfurt,noh8Hebe
AnnaVogler@armyspy.com,Whisele1991,Anna,Vogler,Inge Beisheim Platz 66,25364,Bokel,Aiw1ede2u
KatjaKruger@armyspy.com,Rithey,Katja,Kruger,Karl-Liebknecht-Strasse 75,27252,Schwaförden,Oojoo0Il2xah
SaraBeike@einrot.com,Dameapardly,Sara,Beike,Brandenburgische Str. 81,72218,Wildberg,da6kieVof
SvenDiederich@rhyta.com,Festand,Sven,Diederich,Budapester Strasse 62,24505,Neumünster,Ahsh1aph
FrankSchafer@teleworm.us,Offermse,Frank,Schäfer,Unter den Linden 31,39106,Magdeburg,soo3Aehei
DianaLange@gustr.com,Thaverefull,Diana,Lange,Neuer Jungfernstieg 10,84164,Dreifaltigkeitsbg G Weng,Po8okie1ch
YvonneNeustadt@cuvox.de,Muccalto,Yvonne,Neustadt,Gotzkowskystraße 20,59557,Lippstadt,rayaixaeT1
LeonieHoover@teleworm.us,Ened1967,Leonie,Hoover,Albrechtstrasse 53,83269,Traunstein,eeShahpha4
SwenSchulze@dayrep.com,Bess1967,Swen,Schulze,Prenzlauer Allee 90,06002,Halle,Xai4ieW5aFo
AndreasZimmermann@einrot.com,Fliket,Andreas,Zimmermann,Hallesches Ufer 25,74372,Sersheim,aewae0Die3
DanielSchroeder@cuvox.de,Shour1978,Daniel,Schroeder,Neuer Jungfernstieg 30,84011,Landshut,ik1bai4Thae
JurgenGartner@cuvox.de,Bely1967,Jürgen,Gärtner,Pappelallee 94,55743,Fischbach,XuuL6the
ThorstenSchmid@gustr.com,Wasuroded90,Thorsten,Schmid,Paderborner Strasse 64,86571,Langenmosen,xuvei5Pheid
DoreenEiffel@rhyta.com,Ablightmed,Doreen,Eiffel,Alsterkrugchaussee 52,90554,Cadolzburg,Ohtoxohz1ie
BerndKohler@teleworm.us,Shemord,Bernd,Kohler,Rhinstrasse 62,80720,München,Uuchoof5t
DirkKrause@armyspy.com,Sperned,Dirk,Krause,Hallesches Ufer 9,66659,Merzig,Eiyohp7f
MartinSchwartz@superrito.com,Wevell,Martin,Schwartz,Gotthardstrasse 32,07502,Gera,Boor6wool0a
JensDuerr@fleckens.hu,Thisheack,Jens,Duerr,Park Str. 22,42697,Solingen Ohligs/ Aufderhöhe,eiFaeP6wu
PhilippEbersbacher@cuvox.de,Abong1972,Philipp,Ebersbacher,Gruenauer Strasse 70,01804,Heidenau,isha9og0Ohnee
LauraWagner@cuvox.de,Nornesiond,Laura,Wagner,Heiligengeistbrücke 37,91726,Gerolfingen,fo5Beeyee
TobiasWechsler@teleworm.us,Parknothe1939,Tobias,Wechsler,Schönhauser Allee 25,78183,Hüfingen,AeJ0eeL4r
PatrickHirsch@teleworm.us,Pight1968,Patrick,Hirsch,Brandenburgische Straße 97,10179,Berlin Mitte,raiFie4iu6Sh
AndreaFurst@fleckens.hu,Whinkent,Andrea,Furst,Alt Reinickendorf 89,86486,Bonstetten,ri8ooH8pe1v
TorstenFinkel@gustr.com,Whiss1951,Torsten,Finkel,Kurfuerstendamm 11,80030,München,oitooth0VoF
JonasHoltzmann@gustr.com,Therds60,Jonas,Holtzmann,Lietzenburger Strasse 77,53919,Weilerswist,aiThe6zie
MarinaMoller@fleckens.hu,Zably1957,Marina,Möller,Mohrenstrasse 45,88422,Alleshausen,oBah3sah
JessicaWulf@dayrep.com,Aftend,Jessica,Wulf,Ansbacher Strasse 47,56858,Sosberg,yieki2Moo
JuliaPapst@fleckens.hu,Firldetel1985,Julia,Papst,Brandenburgische Str. 55,74243,Langenbrettach,ohCheiGh1qu
PhilippDuerr@teleworm.us,Anky1981,Philipp,Duerr,Albrechtstrasse 60,94016,Passau,daeQue0iNge
SwenLehmann@rhyta.com,Rostept,Swen,Lehmann,Hoheluftchaussee 59,06638,Karsdorf,ioVoph4mi8a
PaulMetzger@cuvox.de,Uplarn,Paul,Metzger,Stuttgarter Platz 92,56271,Isenburg,vie0IeHaGae
KlaudiaBachmeier@superrito.com,Ontled,Klaudia,Bachmeier,Fontenay 94,91252,Pegnitz,yohcohlea9Cu
InesSchmitz@gustr.com,Youlland,Ines,Schmitz,Michaelkirchstr. 7,34454,Bad Arolsen,eeshaedeiN0
AntjeBiermann@superrito.com,Sphe1967,Antje,Biermann,Stuttgarter Platz 28,56377,Misselberg,Ohd4cie8
SvenSchreiner@dayrep.com,Hille1942,Sven,Schreiner,Flughafenstrasse 28,92705,Leuchtenberg,fu5ohheiSh
StefanieHertzog@einrot.com,Hypt1993,Stefanie,Hertzog,Bissingzeile 31,21775,Odisheim,Tae6eo0Ugho
KatrinJager@superrito.com,Forproing,Katrin,Jager,Hollander Strasse 31,65558,Gückingen,UVo1lail
JorgReinhardt@fleckens.hu,Resem1984,Jörg,Reinhardt,An der Alster 80,19209,Badow,Shuangae8
HeikeKirsch@rhyta.com,Thorger,Heike,Kirsch,Buelowstrasse 57,57629,Kirburg,yeex8saiLu
UrsulaFenstermacher@gustr.com,Niname,Ursula,Fenstermacher,Reeperbahn 18,84375,Kirchdorf,iazee2Ov
AnneGoldschmidt@cuvox.de,Thoulladay,Anne,Goldschmidt,Neue Roßstr. 61,54294,Trier Weismark-Feyen,iey2Hahyai3i
PatrickTheiss@gustr.com,Caravered92,Patrick,Theiss,Hallesches Ufer 19,75443,Ötisheim,obeRei5ae
KarinAbend@armyspy.com,Steaking,Karin,Abend,Amsinckstrasse 89,04929,Mühlberg,Picugh2ieFai
SandraBlau@fleckens.hu,Dones1950,Sandra,Blau,Joachimstaler Str. 59,56290,Beltheim,Iqu3gok5aes
TimBachmeier@dayrep.com,Ithirld,Tim,Bachmeier,Eichendorffstr. 80,78532,Tuttlingen,Shei4Ohloos
UlrichDresner@teleworm.us,Appirace,Ulrich,Dresner,Marseiller Strasse 17,84063,Mallersdorf-Pfaffenberg,phuul5Nu6ie
TorstenMuller@teleworm.us,Fley1971,Torsten,Muller,An der Schillingbrucke 92,73345,Drackenstein,Zu3autei
UweBeyer@rhyta.com,Liffaved1984,Uwe,Beyer,Mollstrasse 57,64293,Darmstadt,shohnoh3Qu
JuliaMeyer@rhyta.com,Hicee1972,Julia,Meyer,An Der Urania 31,25573,Beidenfleth,Ain1ohphi3d
SabineBohm@dayrep.com,Sionech,Sabine,Bohm,Borstelmannsweg 20,92655,Grafenwöhr,Mub6xixae
LeaBumgarner@einrot.com,Dureal,Lea,Bumgarner,Kurfürstendamm 60,08056,Zwickau,aiw6Shan
ReneFruehauf@gustr.com,Harrinat,René,Fruehauf,Hallesches Ufer 62,66657,Merzig,jahS5chaX6uu
PetraUrner@jourrapide.com,Derell1941,Petra,Urner,Brandenburgische Straße 37,12057,Berlin Neukölln,otaSh2sai
JensPeters@jourrapide.com,Cooncers,Jens,Peters,Flughafenstrasse 17,95644,Waldsassen,pungah2aiM
AlexanderReinhard@teleworm.us,Appose,Alexander,Reinhard,Lietzenburger Strasse 15,51469,Bergisch Gladbach Gronau,Eitup6uuc1C
UtaBaader@dayrep.com,Buting1959,Uta,Baader,Hedemannstasse 32,72514,Inzigkofen,uu3Oapong
TimDietrich@jourrapide.com,Whirds,Tim,Dietrich,Flughafenstrasse 74,95647,Waldsassen,juwoh1Oechi
PeterEggers@jourrapide.com,Samigh,Peter,Eggers,Heiligengeistbrücke 78,91551,Feuchtwangen,aeNohDu5OoW
SandraBrauer@armyspy.com,Plents,Sandra,Brauer,Meinekestraße 79,49170,Hagen am Teutoburger Wald,aeZohk9chi
YvonnePfeifer@superrito.com,Nowerever,Yvonne,Pfeifer,Oldesloer Strasse 56,98558,Oberhof,ieB3soi6ji
GabrieleGrunewald@einrot.com,Hicandre,Gabriele,Grunewald,Esplanade 7,94328,Aiterhofen,bin0eirao4Th
UtaZweig@superrito.com,Poselpled,Uta,Zweig,Budapester Strasse 44,24505,Neumünster,aphei3Th
AntjePropst@fleckens.hu,Gueagen,Antje,Propst,Lützowplatz 75,54429,Heddert,aeNg2ofoo7r
MathiasNacht@teleworm.us,Mosee1964,Mathias,Nacht,Kantstraße 3,09492,Marienberg,ISal2enae
SvenFeierabend@gustr.com,Rangho,Sven,Feierabend,Rankestraße 27,85261,Pfaffenhofen,Air3ahcoh
RalphEichmann@cuvox.de,Slown1948,Ralph,Eichmann,Bissingzeile 59,27637,Nordholz,siRuw9Eis
LukasBurger@teleworm.us,Thersesom,Lukas,Bürger,Langenhorner Chaussee 33,83462,Berchtesgaden,oobieNgo6
KatrinMueller@einrot.com,Whooddem65,Katrin,Mueller,Albrechtstrasse 91,87412,Kempten,Xie8haudie
KevinKonig@armyspy.com,Hoster,Kevin,König,Hermannstrasse 45,67245,Lambsheim,ohng3ga6Ohqu
KristianFassbinder@jourrapide.com,Fricasecland,Kristian,Fassbinder,Brandenburgische Strasse 35,67808,Bennhausen,Gah5ahnge
PaulAbend@rhyta.com,Heregailing,Paul,Abend,Luckenwalder Strasse 22,31613,Wietzen,ulohmeev4A
BenjaminDresner@superrito.com,Theigners,Benjamin,Dresner,Los-Angeles-Platz 17,38114,Braunschweig,amaiTeaf0zah
YvonneFriedmann@einrot.com,Saimpook,Yvonne,Friedmann,Meininger Strasse 29,55758,Langweiler,ohP8zegh
MarieHoffmann@cuvox.de,Edis1984,Marie,Hoffmann,Buelowstrasse 87,56459,Langenhahn,Exei2jai5
KatrinKaufmann@armyspy.com,Miliche,Katrin,Kaufmann,An der Schillingbrucke 49,88477,Schwendi,gak0Thai
FranziskaNeustadt@teleworm.us,Mrsers,Franziska,Neustadt,Unter den Linden 70,39028,Magdeburg,haith6Ih
JanaPfeifer@dayrep.com,Phred1937,Jana,Pfeifer,Schmarjestrasse 32,06421,Alsleben,eiShei7P
KatrinDrechsler@armyspy.com,Musen1982,Katrin,Drechsler,Gruenauer Strasse 20,21472,Lauenburg,aa8oTieBov
LukasBusch@cuvox.de,Intood,Lukas,Busch,Rohrdamm 14,32049,Herford Innenstadt,Hiw0zohd2ies
PhilippGartner@einrot.com,Anut1966,Philipp,Gärtner,Frankfurter Allee 35,76135,Karlsruhe Weststadt,QuuHon2fie6
AndreasKoenig@cuvox.de,Exhim1937,Andreas,Koenig,Luebecker Strasse 24,97430,Haßfurt,vaikaish1Ch
LisaPfaff@superrito.com,Swening,Lisa,Pfaff,Unter den Linden 70,17033,Neubrandenburg,eeVou5een
MichelleShuster@teleworm.us,Wonfehe1942,Michelle,Shuster,Nuernbergerstrasse 27,26419,Schortens,woh1Io9Aifam
MariaMueller@cuvox.de,Hoodiam,Maria,Mueller,Meininger Strasse 12,66539,Neunkirchen Furpach,oe8iX7ovaa4th
RobertAdler@rhyta.com,Fackbey,Robert,Adler,Oldesloer Strasse 66,98508,Suhl,iaRei4zoohu
PatrickStrauss@armyspy.com,Witneret,Patrick,Strauss,Kurfürstendamm 47,18057,Rostock,Jee1eisa1
MarkusBeckenbauer@cuvox.de,Ither1965,Markus,Beckenbauer,Storkower Strasse 18,56567,Neuwied Irlich,ooth2Aim
DieterMayer@superrito.com,Alacculd,Dieter,Mayer,Schoenebergerstrasse 56,18405,Stralsund,Yud4EeVoo
MarinaLang@gustr.com,Bans1954,Marina,Lang,Heinrich Heine Platz 37,02605,Bautzen,Bae8rahX8as
KarinHirsch@armyspy.com,Frosuld1958,Karin,Hirsch,Heinrich Heine Platz 64,02737,Eibau,aloZan7l
